name,description,total_revenue,naive_revenue,total_penalty,reverse_pen_hrs,n_days,gain_abs,gain_pct,logan_da_revenue,logan_rt_revenue,logan_clear_ratio,naive_da_revenue,naive_rt_revenue
A0_Full,完整 Logan,15124699.19860969,13923545.288464356,665848.8746389383,286,90,1201153.910145333,8.626782082150356,12397686.995611677,3392861.077636951,0.7129044015373646,13890362.44137288,132273.55973984578
A1_NoSpread,关掉 spread 方向 (offset=0),15119623.273726841,13923545.288464356,670734.5307036545,292,90,1196077.9852624852,8.59032638945366,12322222.075575605,3468135.728854895,0.7085546646538202,13890362.44137288,132273.55973984578
A2_NoSysDev,关掉 system deviation damp,15124704.740291184,13923545.288464356,665842.6369776034,286,90,1201159.4518268276,8.626821882943757,12397749.04060148,3392798.3366673053,0.7129072200826511,13890362.44137288,132273.55973984578
A3_SingleStep,单档报价（无阶梯）,14948523.201163782,13923545.288464356,368348.25204999093,338,90,1024977.9126994256,7.36147217870307,13871558.231818983,1445313.221394795,0.8792967717334598,13890362.44137288,132273.55973984578
A4_FlatPrice,所有档用 P50（无价差）,15048102.722100534,13923545.288464356,1219889.2774876603,288,90,1124557.4336361773,8.076660148962722,10786502.909565035,5481489.090023161,0.5274927309142495,13890362.44137288,132273.55973984578
A5_OnlyLadder,只保留阶梯（其他全关）,15119623.273726841,13923545.288464356,670734.5307036545,292,90,1196077.9852624852,8.59032638945366,12322222.075575605,3468135.728854895,0.7085546646538202,13890362.44137288,132273.55973984578
