strategy,total_revenue,mlt_energy,mlt_congest,da_spot,rt_spot,cleared_mwh,actual_mwh,clear_ratio,compliance_fails,compliance_fixes,n_days
naive,14022636.001112722,0.0,0.0,13890362.44137288,132273.55973984578,92295.81025354067,93331.39262456895,0.9889042438786488,0,0,90
heuristic,15776969.501597239,0.0,0.0,12321368.366994392,3455601.134602842,66782.85366562099,93331.39262456895,0.7155454535459357,1628,1127,90
optimal,16232644.37685068,0.0,0.0,7139480.664967501,9093163.711883176,31896.714999999997,93331.39262456895,0.34175762412874755,0,0,90
