strategy,total_revenue,da_revenue,rt_revenue,clear_ratio,avg_segments,compliance_ok_days,compliance_fail_days,n_days
naive,14002281.556671767,13865259.338441964,137022.21822980852,0.9883712220546148,1.0,0,0,90
legacy_optimal,16226711.950045682,7239680.913892499,8987031.036153177,0.34909353738093835,2.3666666666666667,0,0,90
daily,15986377.404947085,6738144.899774782,9248232.505172301,0.2688180982548804,3.033333333333333,90,0,90
