category,strategy,n_days,mean_daily_rev,std_daily_rev,total_rev
low_rt,naive,10,90928.82783151284,45287.8368849154,909288.2783151284
low_rt,optimal,10,95080.12169180709,51609.44185284485,950801.2169180709
low_rt,regime_aware,10,92709.1439268071,48414.51556149806,927091.439268071
